,product_name
0,【新品】Apple iPhone 11 Pro Max 全网通手机
1,【超值】华为Mate 30 Pro 8GB+256GB 全网通手机
2,【限时特惠】Samsung Galaxy S20 5G 8GB+128GB 全网通
3,【独家】OPPO Reno3 Pro 8GB+128GB 5G手机
4,【热卖】vivo X30 Pro 8GB+256GB 全网通手机
5,【新款】Xiaomi Mi 10 Pro 8GB+256GB 5G手机
6,【热销】Huawei P40 Pro 8GB+256GB 5G手机
7,【特价】OnePlus 8 Pro 12GB+256GB 5G手机
8,【限量】realme X50 Pro 8GB+128GB 5G手机
9,【精选】Apple iPad Pro 11寸 64G WLAN版
10,【热门】Huawei MateBook 13 2020款 14英寸轻薄本
11,【超值】Lenovo ThinkPad X1 Carbon 14英寸轻薄本
12,【限时特惠】ASUS ZenBook Pro Duo 15
13,【独家】ASUS ROG Zephyrus S17 17
14,【热卖】MSI GS66 Stealth 15
15,【新款】Apple MacBook Pro 13
16,【热销】Dell XPS 15 15
17,【特价】Razer Blade Pro 17
18,【限量】Acer Predator Helios 300 17
19,【精选】Huawei MateBook X Pro 13
20,【热门】Apple AirPods Pro 蓝牙无线耳机
21,【超值】Samsung Galaxy Buds 蓝牙无线耳机
22,【限时特惠】Sony WH-1000XM4 蓝牙无线耳机
23,【独家】Bose QuietComfort 35 II 蓝牙无线耳机
24,【热卖】JBL Live 500BT 蓝牙无线耳机
25,【新款】Beats Solo3 Wireless 蓝牙无线耳机
26,【热销】JBL Tune 500BT 蓝牙无线耳机
27,【特价】Anker Soundcore Liberty Air 2 蓝牙无线耳机
28,【限量】Sennheiser HD 4
29,【精选】Jabra Elite 65t 蓝牙无线耳机
30,【热门】Apple Watch Series 5 智能手表
31,【超值】Huawei Watch GT2 智能手表
32,【限时特惠】Fitbit Versa 2 智能手表
33,【独家】Garmin Forerunner 945 智能手表
34,【热卖】Amazfit GTR 智能手表
35,【新款】Xiaomi Mi Band 5 智能手表
36,【热销】TicWatch Pro 4G 智能手表
37,【特价】Samsung Gear S3 Frontier 智能手表
38,【限量】TicWatch C2 智能手表
39,【精选】Huawei Watch GT 智能手表
40,【热门】DJI Mavic Mini 无人机
41,【超值】DJI Mavic Air 2 无人机
42,【限时特惠】DJI Mavic 2 Pro 无人机
43,【独家】Parrot Anafi 无人机
44,【热卖】DJI Phantom 4 Pro 无人机
45,【新款】Parrot Bebop 2 无人机
46,【热销】Holy Stone HS700 无人机
47,【特价】DJI Mavic Mini Fly More 无人机
48,【限量】DJI Phantom 4 Advanced 无人机
49,【精选】DJI Spark 无人机
50,【新款】时尚拼接女士双肩包，限时特惠！
51,【热销】复古款百搭拉杆箱，超值购买！
52,【抢先】潮流铆钉单肩包，超值优惠！
53,【新款】精致系带钱包，抢购价格！
54,【热销】简约时尚双肩包，限时抢购！
55,【抢先】潮流拼色挎包，独特优惠！
56,【新款】时尚拼接单肩包，特价促销！
57,【热销】复古软妹包，超值特惠！
58,【抢先】潮流拼色手提包，限时秒杀！
59,【新款】精致系带手拿包，抢购价格！
60,【热销】简约时尚拉杆箱，限量特惠！
61,【抢先】潮流水桶包，超值优惠！
62,【新款】时尚拼接手拿包，特价促销！
63,【热销】复古款钱包，超值特惠！
64,【抢先】潮流拼色双肩包，限时秒杀！
65,【新款】精致系带挎包，抢购价格！
66,【热销】简约时尚拉杆箱，限量特惠！
67,【抢先】潮流铆钉挎包，超值优惠！
68,【新款】时尚拼接拉杆箱，特价促销！
69,【热销】复古款单肩包，超值特惠！
70,【抢先】潮流拼色手提包，限时秒杀！
71,【新款】精致系带双肩包，抢购价格！
72,【热销】简约时尚挎包，限量特惠！
73,【抢先】潮流水桶包，超值优惠！
74,【新款】时尚拼接钱包，特价促销！
75,【热销】复古款手拿包，超值特惠！
76,【抢先】潮流拼色拉杆箱，限时秒杀！
77,【新款】精致系带拉杆箱，抢购价格！
78,【热销】简约时尚单肩包，限量特惠！
79,【抢先】潮流铆钉手提包，超值优惠！
80,【新款】时尚拼接挎包，特价促销！
81,【热销】复古款双肩包，超值特惠！
82,【抢先】潮流拼色钱包，限时秒杀！
83,【新款】精致系带手拿包，抢购价格！
84,【热销】简约时尚拉杆箱，限量特惠！
85,【抢先】潮流水桶包，超值优惠！
86,【新款】时尚拼接拉杆箱，特价促销！
87,【热销】复古款挎包，超值特惠！
88,【抢先】潮流拼色双肩包，限时秒杀！
89,【新款】精致系带单肩包，抢购价格！
90,【热销】简约时尚手提包，限量特惠！
91,【抢先】潮流铆钉钱包，超值优惠！
92,【新款】时尚拼接手拿包，特价促销！
93,【热销】复古款拉杆箱，超值特惠！
94,【抢先】潮流拼色挎包，限时秒杀！
95,【新款】精致系带拉杆箱，抢购价格！
96,【热销】简约时尚单肩包，限量特惠！
97,【抢先】潮流铆钉手提包，超值优惠！
98,【新款】时尚拼接挎包，特价促
